Day,Week,Phase,Weekday,Date,Date (long),Session,Session type,Garmin sport,Shape,Load,Purpose,Fuel,Daily macros,Hydration,Electrolytes,Recovery category,Recovery guidance,Teaching block,Teaching text,Log 1,Log 2,Log 3
1,1,Base Phase,MONDAY,2026-11-02,Mon 02 Nov 2026,AEROBIC RUN + UPPER ACCUMULATION,Run + Upper strength,running / strength_training,Double,Moderate,"Aerobic volume builds the base every later phase draws on. Upper work runs at accumulation loads. Run first, lift six hours later.","Pre-AM: 30-40 g carbohydrate, 60-90 min before.  |  Between: Inside 60 min: 1.0-1.5 g/kg carbs plus 30-40 g protein. Non-negotiable on a double day.  |  Post-PM: 30-40 g protein plus 0.5-1.0 g/kg carbs within two hours.",Day: carbs 5-6 g/kg   protein 1.8-2.2 g/kg,AM: sweat rate x 0.7  |  PM: sweat rate x 0.9,Electrolytes: AM run if over 60 min or warm.,Moderate mechanical  |  moderate central,"Sleep is the intervention. You have moved twice today, so more movement is not more recovery. Tomorrow is ski: trunk and lats, legs left alone.",Coach's note - The push press,"Shoulder to Overhead permits a dip and drive. That is worth twenty to thirty per cent over a strict press for most trained athletes, which is why every benchmark built on strict press understates this event. Dip shallow and vertical, drive through the whole foot, and move the head through as the bar passes. The legs start the lift and the arms finish it.","Fastest and slowest interval pace, and the gap between them",Push press top set and RIR,How the legs felt in the PM session
2,1,Base Phase,TUESDAY,2026-11-03,Tue 03 Nov 2026,SKI TECHNIQUE + GRIP,Ski erg + Grip,cardio_training,Single,Moderate,"The Endurance Zone is scored on ski metres alone, so this phase is about learning to produce them efficiently before working on producing them quickly.","Pre: 30-50 g carbohydrate, 60-90 min before.  |  Post: 30-40 g protein plus 0.5 g/kg carbohydrate.",Day: carbs 4-5 g/kg   protein 1.8-2.2 g/kg,Session: sweat rate x 1.0,Electrolytes: if total session exceeds 60 min.,High metabolic  |  low mechanical,"Hard work, little muscle damage. Active recovery helps here: twenty to thirty minutes of easy walking tonight. Legs should be fresh tomorrow.",The standard - SkiErg,"The damper may be adjusted before and during the workout. Find your setting in training and write it down, since venue machines vary and it saves a decision on the day. Most athletes settle between 5 and 8 at a stroke rate of 34 to 42.",Metres for each ski interval,"Drop from first interval to last, target under 3%","Grip: farmer carry load, dead hang time"
3,1,Base Phase,WEDNESDAY,2026-11-04,Wed 04 Nov 2026,EASY AEROBIC + LOWER ACCUMULATION,Aerobic + Lower strength,running / strength_training,Double,High,"Endurance first, the lift six hours later, so the metabolic signalling from the run has returned to baseline before you load. Refuelling in between is what makes that true.","Pre-AM: 20-30 g carbohydrate, or fasted if you tolerate it.  |  Between: Inside 60 min: 1.0-1.5 g/kg carbs plus 30-40 g protein.  |  Post-PM: 40 g protein plus 1.0 g/kg carbs within two hours.",Day: carbs 5-6 g/kg   protein 2.0-2.2 g/kg,AM: sweat rate x 0.8  |  PM: sweat rate x 1.0,Electrolytes: PM session. Dehydration cuts force and spinal stability.,Highest central load of the week,"Complete rest tonight. After high central load, light cardio does not speed neural recovery; sleep, downregulation and food do. Tomorrow is rest for the same reason.",Score impact,"Your score is the sum of three placings, and the lowest total wins. The best available result in a zone is one point; the worst is the size of the field. Strong results are capped at one point, while weak ones are not, which is why consistency matters.",Back squat top set and RIR,"Deadlift - triple 1 / triple 2, each round",The gap between the two triples
4,1,Base Phase,THURSDAY,2026-11-05,Thu 05 Nov 2026,COMPLETE REST,Rest,rest,Rest,-,"Yesterday carried the heaviest central nervous system load of the week, and the weekend holds the most specific sessions. This day is part of the programme rather than a gap in it, and it is what allows Friday and Saturday to be productive.",All day: Carbs come down because you are not training. Protein does not - rest days are when repair happens.  |  Intake: Eat at roughly maintenance. A build block is not the place for a deficit.,Day: carbs 3-4 g/kg   protein 1.8-2.2 g/kg,"Session: none - baseline only, and still drink it",Electrolytes: not required today.,Clearing central nervous system load,"A working day for your nervous system even though it does not look like one. Sleep, downregulation and nutrition do the work. Get to bed thirty minutes earlier.",Kit - What you may use,"Permitted on the strength floor: chalk (bring your own), knee sleeves, elbow sleeves, weightlifting belt, weightlifting shoes, wrist wraps. Banned: lifting straps, hand grips, knee wraps, elbow wraps, and any supportive suit or briefs.",Morning resting heart rate,HRV if you track it,"If elevated two days running, reduce Friday volume by a third"
5,1,Base Phase,FRIDAY,2026-11-06,Fri 06 Nov 2026,METCON MOVEMENT WORK,MetCon circuit,hiit,Single,Moderate,Learn the movements at manageable load before you meet them at competition weight. Bench press and the sandbag squat-to-carry sequence are the two elements that most often need extra work.,"Pre: 40-50 g carbohydrate, 90 min before.  |  Intra: Electrolyte drink between rounds, not during them.  |  Post: 40 g protein plus 1.0 g/kg carbs within two hours.",Day: carbs 5-6 g/kg   protein 1.8-2.2 g/kg,Session: sweat rate x 1.2,Electrolytes: required. Highest sweat rate of your week.,High metabolic  |  moderate mechanical,"Loaded squatting and grip, no heavy eccentrics. Twenty minutes of easy walking or light cycling tonight. Not running - tomorrow needs your legs.",No rep - Dumbbells,"Dumbbells must be placed on the floor once your reps are complete, and dropping them is a no rep. Letting go is a natural reaction at the end of a hard set, so it is worth practising the controlled finish in training.",Time for each round,"Drop from round one to the final round, target within 10%",Where the sandbag block broke down
6,1,Base Phase,SATURDAY,2026-11-07,Sat 07 Nov 2026,LONG AEROBIC + SKI INTRODUCTION,Run to ski transition,running / cardio_training,Single,Moderate,"Time on feet plus a first exposure to skiing on tired legs. In the Development phase this becomes the most specific session in the book, so build the habit now.","Pre: 40-50 g carbohydrate, 90 min before. Under-fuel this and the data is meaningless.  |  Post: 30-40 g protein plus 1.0 g/kg carbohydrate.",Day: carbs 5-6 g/kg   protein 1.8-2.2 g/kg,Session: sweat rate x 1.1,Electrolytes: yes. Sip between rounds.,High metabolic  |  moderate mechanical,"Tomorrow's easy aerobic is your recovery, which is why it sits there. Sleep is tonight's priority. Legs beaten up in the morning? Take Sunday as a walk.",The number,"The Endurance Zone cap is fixed. Whatever time the run takes is subtracted from your ski time, and only the ski scores. That single fact is why the zone is one continuous effort, not two events.","Ski metres per round, or 500 m splits if rehearsing the full zone","Final round as a percentage of the first, target within 5%",How the first thirty seconds of each ski felt
7,1,Base Phase,SUNDAY,2026-11-08,Sun 08 Nov 2026,EASY AEROBIC,Easy aerobic,running,Single,Low,Aerobic maintenance and active clearance of yesterday. The only way to get this day wrong is to go too hard.,Pre: Optional. Small carbohydrate serving if you prefer not to train empty.  |  Post: Normal meal within a couple of hours.,Day: carbs 4-5 g/kg   protein 1.8-2.2 g/kg,Session: sweat rate x 0.8,Electrolytes: only if over 60 min or hot.,Minimal  |  this session is the recovery,"Low mechanical load, sustained blood flow, negligible metabolic cost. After it, take the rest of the day genuinely off.",Coach's note - Easy means easy,"Running easy sessions too quickly turns a recovery day into a moderate one, which tends to leave you flat for the sessions that matter later in the week. The test is full sentences without pausing for breath. If in doubt, slow down.",Average heart rate,Compare to the same session in Week 1,How the week felt overall
8,2,Base Phase,MONDAY,2026-11-09,Mon 09 Nov 2026,AEROBIC RUN + UPPER ACCUMULATION,Run + Upper strength,running / strength_training,Double,Moderate,"Aerobic volume builds the base every later phase draws on. Upper work runs at accumulation loads. Run first, lift six hours later.","Pre-AM: 30-40 g carbohydrate, 60-90 min before.  |  Between: Inside 60 min: 1.0-1.5 g/kg carbs plus 30-40 g protein. Non-negotiable on a double day.  |  Post-PM: 30-40 g protein plus 0.5-1.0 g/kg carbs within two hours.",Day: carbs 5-6 g/kg   protein 1.8-2.2 g/kg,AM: sweat rate x 0.7  |  PM: sweat rate x 0.9,Electrolytes: AM run if over 60 min or warm.,Moderate mechanical  |  moderate central,"Sleep is the intervention. You have moved twice today, so more movement is not more recovery. Tomorrow is ski: trunk and lats, legs left alone.",The standard - Deadlift,"Hands must be outside the knees. Sumo deadlifts are not permitted. Double overhand, mixed and hook grip are all allowed. The Base phase is a good time to settle into a conventional stance, rather than adjusting to it later in the plan.","Fastest and slowest interval pace, and the gap between them",Push press top set and RIR,How the legs felt in the PM session
9,2,Base Phase,TUESDAY,2026-11-10,Tue 10 Nov 2026,SKI TECHNIQUE + GRIP,Ski erg + Grip,cardio_training,Single,Moderate,"The Endurance Zone is scored on ski metres alone, so this phase is about learning to produce them efficiently before working on producing them quickly.","Pre: 30-50 g carbohydrate, 60-90 min before.  |  Post: 30-40 g protein plus 0.5 g/kg carbohydrate.",Day: carbs 4-5 g/kg   protein 1.8-2.2 g/kg,Session: sweat rate x 1.0,Electrolytes: if total session exceeds 60 min.,High metabolic  |  low mechanical,"Hard work, little muscle damage. Active recovery helps here: twenty to thirty minutes of easy walking tonight. Legs should be fresh tomorrow.","Coach's note - Hip hinge, not arm pull","The SkiErg is driven by the hips. Load the hinge, snap it closed, and let the arms follow through. If your arms fatigue before your trunk does, the pull is coming from the arms, which is difficult to sustain for twelve minutes.",Metres for each ski interval,"Drop from first interval to last, target under 3%","Grip: farmer carry load, dead hang time"
10,2,Base Phase,WEDNESDAY,2026-11-11,Wed 11 Nov 2026,EASY AEROBIC + LOWER ACCUMULATION,Aerobic + Lower strength,running / strength_training,Double,High,"Endurance first, the lift six hours later, so the metabolic signalling from the run has returned to baseline before you load. Refuelling in between is what makes that true.","Pre-AM: 20-30 g carbohydrate, or fasted if you tolerate it.  |  Between: Inside 60 min: 1.0-1.5 g/kg carbs plus 30-40 g protein.  |  Post-PM: 40 g protein plus 1.0 g/kg carbs within two hours.",Day: carbs 5-6 g/kg   protein 2.0-2.2 g/kg,AM: sweat rate x 0.8  |  PM: sweat rate x 1.0,Electrolytes: PM session. Dehydration cuts force and spinal stability.,Highest central load of the week,"Complete rest tonight. After high central load, light cardio does not speed neural recovery; sleep, downregulation and food do. Tomorrow is rest for the same reason.",The number,"What one second of run time is worth on the ski, at a 2:00 per 500 m pace. Save forty-five seconds on the buy-in and you gain roughly 187 metres of score. Nothing else in this sport converts so directly.",Back squat top set and RIR,"Deadlift - triple 1 / triple 2, each round",The gap between the two triples
11,2,Base Phase,THURSDAY,2026-11-12,Thu 12 Nov 2026,COMPLETE REST,Rest,rest,Rest,-,"Yesterday carried the heaviest central nervous system load of the week, and the weekend holds the most specific sessions. This day is part of the programme rather than a gap in it, and it is what allows Friday and Saturday to be productive.",All day: Carbs come down because you are not training. Protein does not - rest days are when repair happens.  |  Intake: Eat at roughly maintenance. A build block is not the place for a deficit.,Day: carbs 3-4 g/kg   protein 1.8-2.2 g/kg,"Session: none - baseline only, and still drink it",Electrolytes: not required today.,Clearing central nervous system load,"A working day for your nervous system even though it does not look like one. Sleep, downregulation and nutrition do the work. Get to bed thirty minutes earlier.",Kit - Lifting straps are banned,"You may not use straps or hand grips. That makes grip a genuine limiter on your deadlift and on the sandbag carry. That is why Tuesday carries a grip block every week, as competition preparation rather than general accessory work.",Morning resting heart rate,HRV if you track it,"If elevated two days running, reduce Friday volume by a third"
12,2,Base Phase,FRIDAY,2026-11-13,Fri 13 Nov 2026,METCON MOVEMENT WORK,MetCon circuit,hiit,Single,Moderate,Learn the movements at manageable load before you meet them at competition weight. Bench press and the sandbag squat-to-carry sequence are the two elements that most often need extra work.,"Pre: 40-50 g carbohydrate, 90 min before.  |  Intra: Electrolyte drink between rounds, not during them.  |  Post: 40 g protein plus 1.0 g/kg carbs within two hours.",Day: carbs 5-6 g/kg   protein 1.8-2.2 g/kg,Session: sweat rate x 1.2,Electrolytes: required. Highest sweat rate of your week.,High metabolic  |  moderate mechanical,"Loaded squatting and grip, no heavy eccentrics. Twenty minutes of easy walking or light cycling tonight. Not running - tomorrow needs your legs.",No rep - Sandbag carry,"Both feet must clearly pass the turn line and the finish line. Touching the line does not count. Turning early is easy to do when breathing hard, so it is worth running through the line rather than to it.",Time for each round,"Drop from round one to the final round, target within 10%",Where the sandbag block broke down
13,2,Base Phase,SATURDAY,2026-11-14,Sat 14 Nov 2026,LONG AEROBIC + SKI INTRODUCTION,Run to ski transition,running / cardio_training,Single,Moderate,"Time on feet plus a first exposure to skiing on tired legs. In the Development phase this becomes the most specific session in the book, so build the habit now.","Pre: 40-50 g carbohydrate, 90 min before. Under-fuel this and the data is meaningless.  |  Post: 30-40 g protein plus 1.0 g/kg carbohydrate.",Day: carbs 5-6 g/kg   protein 1.8-2.2 g/kg,Session: sweat rate x 1.1,Electrolytes: yes. Sip between rounds.,High metabolic  |  moderate mechanical,"Tomorrow's easy aerobic is your recovery, which is why it sits there. Sleep is tonight's priority. Legs beaten up in the morning? Take Sunday as a walk.",From the floor - Transition habit,"The first thirty seconds off the run is where the time gained on the buy-in is most easily given back. Reset posture within three strides of reaching the machine, take one deliberate breath, and start at pace rather than pausing to gather yourself.","Ski metres per round, or 500 m splits if rehearsing the full zone","Final round as a percentage of the first, target within 5%",How the first thirty seconds of each ski felt
14,2,Base Phase,SUNDAY,2026-11-15,Sun 15 Nov 2026,EASY AEROBIC,Easy aerobic,running,Single,Low,Aerobic maintenance and active clearance of yesterday. The only way to get this day wrong is to go too hard.,Pre: Optional. Small carbohydrate serving if you prefer not to train empty.  |  Post: Normal meal within a couple of hours.,Day: carbs 4-5 g/kg   protein 1.8-2.2 g/kg,Session: sweat rate x 0.8,Electrolytes: only if over 60 min or hot.,Minimal  |  this session is the recovery,"Low mechanical load, sustained blood flow, negligible metabolic cost. After it, take the rest of the day genuinely off.",Score impact,Rank points are cheapest where the field is densest. The same improvement is worth roughly three times as many placings from mid-pack as it is from the top seven per cent. Placings are easiest to gain where you currently sit furthest back.,Average heart rate,Compare to the same session in Week 1,How the week felt overall
15,3,Base Phase,MONDAY,2026-11-16,Mon 16 Nov 2026,AEROBIC RUN + UPPER ACCUMULATION,Run + Upper strength,running / strength_training,Double,Moderate,"Aerobic volume builds the base every later phase draws on. Upper work runs at accumulation loads. Run first, lift six hours later.","Pre-AM: 30-40 g carbohydrate, 60-90 min before.  |  Between: Inside 60 min: 1.0-1.5 g/kg carbs plus 30-40 g protein. Non-negotiable on a double day.  |  Post-PM: 30-40 g protein plus 0.5-1.0 g/kg carbs within two hours.",Day: carbs 5-6 g/kg   protein 1.8-2.2 g/kg,AM: sweat rate x 0.7  |  PM: sweat rate x 0.9,Electrolytes: AM run if over 60 min or warm.,Moderate mechanical  |  moderate central,"Sleep is the intervention. You have moved twice today, so more movement is not more recovery. Tomorrow is ski: trunk and lats, legs left alone.",The standard - Back squat,"The hip crease must pass below the top of the knee. A rep only counts when you return to full extension of hips and knees. Depth is judged rather than estimated, so it is worth filming a set this week to check.","Fastest and slowest interval pace, and the gap between them",Push press top set and RIR,How the legs felt in the PM session
16,3,Base Phase,TUESDAY,2026-11-17,Tue 17 Nov 2026,SKI TECHNIQUE + GRIP,Ski erg + Grip,cardio_training,Single,Moderate,"The Endurance Zone is scored on ski metres alone, so this phase is about learning to produce them efficiently before working on producing them quickly.","Pre: 30-50 g carbohydrate, 60-90 min before.  |  Post: 30-40 g protein plus 0.5 g/kg carbohydrate.",Day: carbs 4-5 g/kg   protein 1.8-2.2 g/kg,Session: sweat rate x 1.0,Electrolytes: if total session exceeds 60 min.,High metabolic  |  low mechanical,"Hard work, little muscle damage. Active recovery helps here: twenty to thirty minutes of easy walking tonight. Legs should be fresh tomorrow.",No rep - Back squat - the walk-in,"On your final rep you must be fully extended and given the rep verbally before you walk the bar back to the rack. Walk early and the rep does not count. Re-rack it and you start again from zero. This is one of the more costly errors available in the Strength Zone, and it is entirely avoidable.",Metres for each ski interval,"Drop from first interval to last, target under 3%","Grip: farmer carry load, dead hang time"
17,3,Base Phase,WEDNESDAY,2026-11-18,Wed 18 Nov 2026,EASY AEROBIC + LOWER ACCUMULATION,Aerobic + Lower strength,running / strength_training,Double,High,"Endurance first, the lift six hours later, so the metabolic signalling from the run has returned to baseline before you load. Refuelling in between is what makes that true.","Pre-AM: 20-30 g carbohydrate, or fasted if you tolerate it.  |  Between: Inside 60 min: 1.0-1.5 g/kg carbs plus 30-40 g protein.  |  Post-PM: 40 g protein plus 1.0 g/kg carbs within two hours.",Day: carbs 5-6 g/kg   protein 2.0-2.2 g/kg,AM: sweat rate x 0.8  |  PM: sweat rate x 1.0,Electrolytes: PM session. Dehydration cuts force and spinal stability.,Highest central load of the week,"Complete rest tonight. After high central load, light cardio does not speed neural recovery; sleep, downregulation and food do. Tomorrow is rest for the same reason.",Coach's note - Bench press endurance,"DB bench press was not in the 2026 format, so it is new to most people entering in 2027. Running, HYROX and general conditioning backgrounds rarely build horizontal pressing endurance. Thirty reps is a local endurance demand rather than a strength one, and it responds quickly to targeted work.",Back squat top set and RIR,"Deadlift - triple 1 / triple 2, each round",The gap between the two triples
18,3,Base Phase,THURSDAY,2026-11-19,Thu 19 Nov 2026,COMPLETE REST,Rest,rest,Rest,-,"Yesterday carried the heaviest central nervous system load of the week, and the weekend holds the most specific sessions. This day is part of the programme rather than a gap in it, and it is what allows Friday and Saturday to be productive.",All day: Carbs come down because you are not training. Protein does not - rest days are when repair happens.  |  Intake: Eat at roughly maintenance. A build block is not the place for a deficit.,Day: carbs 3-4 g/kg   protein 1.8-2.2 g/kg,"Session: none - baseline only, and still drink it",Electrolytes: not required today.,Clearing central nervous system load,"A working day for your nervous system even though it does not look like one. Sleep, downregulation and nutrition do the work. Get to bed thirty minutes earlier.",The number,"The time penalty for letting go of the erg handles in a manner that could damage the machine. Bring the handle high and release it gently, in training as well as in competition.",Morning resting heart rate,HRV if you track it,"If elevated two days running, reduce Friday volume by a third"
19,3,Base Phase,FRIDAY,2026-11-20,Fri 20 Nov 2026,METCON MOVEMENT WORK,MetCon circuit,hiit,Single,Moderate,Learn the movements at manageable load before you meet them at competition weight. Bench press and the sandbag squat-to-carry sequence are the two elements that most often need extra work.,"Pre: 40-50 g carbohydrate, 90 min before.  |  Intra: Electrolyte drink between rounds, not during them.  |  Post: 40 g protein plus 1.0 g/kg carbs within two hours.",Day: carbs 5-6 g/kg   protein 1.8-2.2 g/kg,Session: sweat rate x 1.2,Electrolytes: required. Highest sweat rate of your week.,High metabolic  |  moderate mechanical,"Loaded squatting and grip, no heavy eccentrics. Twenty minutes of easy walking or light cycling tonight. Not running - tomorrow needs your legs.",Kit - Footwear and sleeves,"Footwear must be worn. One pair of knee sleeves only - not two, and they may not be rolled to increase thickness. Headphones and earbuds are not permitted anywhere on the competition floor, so if you usually train with music it is worth doing some sessions without it.",Time for each round,"Drop from round one to the final round, target within 10%",Where the sandbag block broke down
20,3,Base Phase,SATURDAY,2026-11-21,Sat 21 Nov 2026,LONG AEROBIC + SKI INTRODUCTION,Run to ski transition,running / cardio_training,Single,Moderate,"Time on feet plus a first exposure to skiing on tired legs. In the Development phase this becomes the most specific session in the book, so build the habit now.","Pre: 40-50 g carbohydrate, 90 min before. Under-fuel this and the data is meaningless.  |  Post: 30-40 g protein plus 1.0 g/kg carbohydrate.",Day: carbs 5-6 g/kg   protein 1.8-2.2 g/kg,Session: sweat rate x 1.1,Electrolytes: yes. Sip between rounds.,High metabolic  |  moderate mechanical,"Tomorrow's easy aerobic is your recovery, which is why it sits there. Sleep is tonight's priority. Legs beaten up in the morning? Take Sunday as a walk.",From the floor - Pacing the buy-in,"Common advice suggests the first four minutes should feel almost easy. In this format that reduces the ski time available, which is where the score comes from. Run the buy-in at or above your 10 km race pace from the start.","Ski metres per round, or 500 m splits if rehearsing the full zone","Final round as a percentage of the first, target within 5%",How the first thirty seconds of each ski felt
21,3,Base Phase,SUNDAY,2026-11-22,Sun 22 Nov 2026,EASY AEROBIC,Easy aerobic,running,Single,Low,Aerobic maintenance and active clearance of yesterday. The only way to get this day wrong is to go too hard.,Pre: Optional. Small carbohydrate serving if you prefer not to train empty.  |  Post: Normal meal within a couple of hours.,Day: carbs 4-5 g/kg   protein 1.8-2.2 g/kg,Session: sweat rate x 0.8,Electrolytes: only if over 60 min or hot.,Minimal  |  this session is the recovery,"Low mechanical load, sustained blood flow, negligible metabolic cost. After it, take the rest of the day genuinely off.",Score impact,"An athlete who wins two zones and finishes fortieth in the third scores 42. An athlete who finishes twelfth, fourteenth and fifteenth scores 41 and beats them. A strong result in one zone cannot be carried across to offset a weak one.",Average heart rate,Compare to the same session in Week 1,How the week felt overall
22,4,Base Phase,MONDAY,2026-11-23,Mon 23 Nov 2026,AEROBIC RUN + UPPER ACCUMULATION,Run + Upper strength,running / strength_training,Double,Moderate,"Aerobic volume builds the base every later phase draws on. Upper work runs at accumulation loads. Run first, lift six hours later.","Pre-AM: 30-40 g carbohydrate, 60-90 min before.  |  Between: Inside 60 min: 1.0-1.5 g/kg carbs plus 30-40 g protein. Non-negotiable on a double day.  |  Post-PM: 30-40 g protein plus 0.5-1.0 g/kg carbs within two hours.",Day: carbs 5-6 g/kg   protein 1.8-2.2 g/kg,AM: sweat rate x 0.7  |  PM: sweat rate x 0.9,Electrolytes: AM run if over 60 min or warm.,Moderate mechanical  |  moderate central,"Sleep is the intervention. You have moved twice today, so more movement is not more recovery. Tomorrow is ski: trunk and lats, legs left alone.",Coach's note - Deload honestly,"The purpose of a deload is to let accumulated fatigue clear so the next phase starts on a recovered athlete, which is why the reduced load is worth keeping to. Feeling good on a light week is a sign it is working rather than evidence that more was needed.","Fastest and slowest interval pace, and the gap between them",Push press top set and RIR,How the legs felt in the PM session
23,4,Base Phase,TUESDAY,2026-11-24,Tue 24 Nov 2026,SKI TECHNIQUE + GRIP,Ski erg + Grip,cardio_training,Single,Moderate,"The Endurance Zone is scored on ski metres alone, so this phase is about learning to produce them efficiently before working on producing them quickly.","Pre: 30-50 g carbohydrate, 60-90 min before.  |  Post: 30-40 g protein plus 0.5 g/kg carbohydrate.",Day: carbs 4-5 g/kg   protein 1.8-2.2 g/kg,Session: sweat rate x 1.0,Electrolytes: if total session exceeds 60 min.,High metabolic  |  low mechanical,"Hard work, little muscle damage. Active recovery helps here: twenty to thirty minutes of easy walking tonight. Legs should be fresh tomorrow.",The standard - Ground to overhead,"A snatch or a clean and jerk are both permitted. If you split snatch, both feet must return in line under your body while the dumbbell is locked out. Pick one method and train it, since switching technique under fatigue tends to cost reps.",Metres for each ski interval,"Drop from first interval to last, target under 3%","Grip: farmer carry load, dead hang time"
24,4,Base Phase,WEDNESDAY,2026-11-25,Wed 25 Nov 2026,EASY AEROBIC + LOWER ACCUMULATION,Aerobic + Lower strength,running / strength_training,Double,High,"Endurance first, the lift six hours later, so the metabolic signalling from the run has returned to baseline before you load. Refuelling in between is what makes that true.","Pre-AM: 20-30 g carbohydrate, or fasted if you tolerate it.  |  Between: Inside 60 min: 1.0-1.5 g/kg carbs plus 30-40 g protein.  |  Post-PM: 40 g protein plus 1.0 g/kg carbs within two hours.",Day: carbs 5-6 g/kg   protein 2.0-2.2 g/kg,AM: sweat rate x 0.8  |  PM: sweat rate x 1.0,Electrolytes: PM session. Dehydration cuts force and spinal stability.,Highest central load of the week,"Complete rest tonight. After high central load, light cardio does not speed neural recovery; sleep, downregulation and food do. Tomorrow is rest for the same reason.",The number,"The transition tax. Ski two minutes at ten seconds per 500 m slower than steady after a hard run and you lose about 39 metres. Set against the 187 metres a faster buy-in earns you, the tax is roughly one fifth of the benefit. Run hard.",Back squat top set and RIR,"Deadlift - triple 1 / triple 2, each round",The gap between the two triples
25,4,Base Phase,THURSDAY,2026-11-26,Thu 26 Nov 2026,COMPLETE REST,Rest,rest,Rest,-,"Yesterday carried the heaviest central nervous system load of the week, and the weekend holds the most specific sessions. This day is part of the programme rather than a gap in it, and it is what allows Friday and Saturday to be productive.",All day: Carbs come down because you are not training. Protein does not - rest days are when repair happens.  |  Intake: Eat at roughly maintenance. A build block is not the place for a deficit.,Day: carbs 3-4 g/kg   protein 1.8-2.2 g/kg,"Session: none - baseline only, and still drink it",Electrolytes: not required today.,Clearing central nervous system load,"A working day for your nervous system even though it does not look like one. Sleep, downregulation and nutrition do the work. Get to bed thirty minutes earlier.",Kit - Collars and plates,"Collars must be placed outside the plates on every barbell lift, warm-ups included. Unused plates must be inside the rig and off the lifting area. Small details, but a judge will stop you for them and the clock keeps running.",Morning resting heart rate,HRV if you track it,"If elevated two days running, reduce Friday volume by a third"
26,4,Base Phase,FRIDAY,2026-11-27,Fri 27 Nov 2026,METCON MOVEMENT WORK,MetCon circuit,hiit,Single,Moderate,Learn the movements at manageable load before you meet them at competition weight. Bench press and the sandbag squat-to-carry sequence are the two elements that most often need extra work.,"Pre: 40-50 g carbohydrate, 90 min before.  |  Intra: Electrolyte drink between rounds, not during them.  |  Post: 40 g protein plus 1.0 g/kg carbs within two hours.",Day: carbs 5-6 g/kg   protein 1.8-2.2 g/kg,Session: sweat rate x 1.2,Electrolytes: required. Highest sweat rate of your week.,High metabolic  |  moderate mechanical,"Loaded squatting and grip, no heavy eccentrics. Twenty minutes of easy walking or light cycling tonight. Not running - tomorrow needs your legs.",No rep - Ground to overhead - the non-lifting hand,"Your free hand may not make contact with your legs or any other part of your body during the rep. Bracing a hand on the thigh under fatigue is a natural reaction and it is a no rep, so it is worth training with the free arm out.",Time for each round,"Drop from round one to the final round, target within 10%",Where the sandbag block broke down
27,4,Base Phase,SATURDAY,2026-11-28,Sat 28 Nov 2026,LONG AEROBIC + SKI INTRODUCTION,Run to ski transition,running / cardio_training,Single,Moderate,"Time on feet plus a first exposure to skiing on tired legs. In the Development phase this becomes the most specific session in the book, so build the habit now.","Pre: 40-50 g carbohydrate, 90 min before. Under-fuel this and the data is meaningless.  |  Post: 30-40 g protein plus 1.0 g/kg carbohydrate.",Day: carbs 5-6 g/kg   protein 1.8-2.2 g/kg,Session: sweat rate x 1.1,Electrolytes: yes. Sip between rounds.,High metabolic  |  moderate mechanical,"Tomorrow's easy aerobic is your recovery, which is why it sits there. Sleep is tonight's priority. Legs beaten up in the morning? Take Sunday as a walk.",From the floor - Kit check,Sorting the logistics early is easier than doing it in week twelve. Chalk is yours to bring. Pack a spare pair of shoes. Venue floors vary and grip on the sandbag carry matters more than people expect.,"Ski metres per round, or 500 m splits if rehearsing the full zone","Final round as a percentage of the first, target within 5%",How the first thirty seconds of each ski felt
28,4,Base Phase,SUNDAY,2026-11-29,Sun 29 Nov 2026,EASY AEROBIC,Easy aerobic,running,Single,Low,Aerobic maintenance and active clearance of yesterday. The only way to get this day wrong is to go too hard.,Pre: Optional. Small carbohydrate serving if you prefer not to train empty.  |  Post: Normal meal within a couple of hours.,Day: carbs 4-5 g/kg   protein 1.8-2.2 g/kg,Session: sweat rate x 0.8,Electrolytes: only if over 60 min or hot.,Minimal  |  this session is the recovery,"Low mechanical load, sustained blood flow, negligible metabolic cost. After it, take the rest of the day genuinely off.",Coach's note - The week behind you,"Look back before looking forward. If the ski intervals faded more than they did in week one and the lifts have stalled, fatigue has accumulated faster than it has cleared. In that case, repeating this deload is a better option than starting the Development phase.",Average heart rate,Compare to the same session in Week 1,How the week felt overall
29,5,Development Phase,MONDAY,2026-11-30,Mon 30 Nov 2026,THRESHOLD RUN + UPPER HEAVY,Run + Upper strength,running / strength_training,Double,High,"Threshold running raises your 3 km buy-in pace, which converts into ski time. Overhead strength is a third of the Strength score.","Pre-AM: 30-40 g carbohydrate, 60-90 min before.  |  Between: Inside 60 min: 1.0-1.5 g/kg carbs plus 30-40 g protein. Non-negotiable on a double day.  |  Post-PM: 30-40 g protein plus 0.5-1.0 g/kg carbs within two hours.",Day: carbs 5-6 g/kg   protein 1.8-2.2 g/kg,AM: sweat rate x 0.7  |  PM: sweat rate x 0.9,Electrolytes: AM run if over 60 min or warm.,Moderate mechanical  |  moderate central,"Sleep is the intervention. You have moved twice today, so more movement is not more recovery. Tomorrow is ski: trunk and lats, legs left alone.",The standard - Deadlift - the pause,"Maximum pause between reps is five seconds, and if you set the bar down your hands must stay on it. Let go and the count restarts at zero. It is worth rehearsing your triple as three singles, with your hands staying on the bar throughout.","Fastest and slowest interval pace, and the gap between them",Push press top set and RIR,How the legs felt in the PM session
30,5,Development Phase,TUESDAY,2026-12-01,Tue 01 Dec 2026,SKI DEVELOPMENT + GRIP,Ski erg + Grip,cardio_training,Single,Moderate,"This is the one day where the SkiErg is the main session rather than a warm-up. Given the Endurance Zone is scored on ski metres, it is worth protecting.","Pre: 30-50 g carbohydrate, 60-90 min before.  |  Post: 30-40 g protein plus 0.5 g/kg carbohydrate.",Day: carbs 4-5 g/kg   protein 1.8-2.2 g/kg,Session: sweat rate x 1.0,Electrolytes: if total session exceeds 60 min.,High metabolic  |  low mechanical,"Hard work, little muscle damage. Active recovery helps here: twenty to thirty minutes of easy walking tonight. Legs should be fresh tomorrow.",Coach's note - Ski pace discipline,"The zone scores total metres, so an even effort generally produces more than a fast opening followed by a fade. Set your target pace and hold it. Negative split by a second or two if anything.",Metres for each ski interval,"Drop from first interval to last, target under 3%","Grip: farmer carry load, dead hang time"
31,5,Development Phase,WEDNESDAY,2026-12-02,Wed 02 Dec 2026,EASY AEROBIC + LOWER HEAVY,Aerobic + Lower strength,running / strength_training,Double,Highest,"The heaviest day of the week, structured so the two sessions do not work against each other. The repeat-triple protocol mirrors the competition deadlift: two one-minute windows, sixty seconds apart, averaged.","Pre-AM: 20-30 g carbohydrate, or fasted if you tolerate it.  |  Between: Inside 60 min: 1.0-1.5 g/kg carbs plus 30-40 g protein.  |  Post-PM: 40 g protein plus 1.0 g/kg carbs within two hours.",Day: carbs 5-6 g/kg   protein 2.0-2.2 g/kg,AM: sweat rate x 0.8  |  PM: sweat rate x 1.0,Electrolytes: PM session. Dehydration cuts force and spinal stability.,Highest central load of the week,"Complete rest tonight. After high central load, light cardio does not speed neural recovery; sleep, downregulation and food do. Tomorrow is rest for the same reason.",The number,"What fifteen seconds per kilometre is worth. Run the 3 km buy-in that much faster and you gain forty-five seconds of ski time, which is roughly 187 metres of score. This is why the Endurance Zone is one twenty-four minute effort, not two events.",Back squat top set and RIR,"Deadlift - triple 1 / triple 2, each round",The gap between the two triples
32,5,Development Phase,THURSDAY,2026-12-03,Thu 03 Dec 2026,COMPLETE REST,Rest,rest,Rest,-,"Yesterday carried the heaviest central nervous system load of the week, and the weekend holds the most specific sessions. This day is part of the programme rather than a gap in it, and it is what allows Friday and Saturday to be productive.",All day: Carbs come down because you are not training. Protein does not - rest days are when repair happens.  |  Intake: Eat at roughly maintenance. A build block is not the place for a deficit.,Day: carbs 3-4 g/kg   protein 1.8-2.2 g/kg,"Session: none - baseline only, and still drink it",Electrolytes: not required today.,Clearing central nervous system load,"A working day for your nervous system even though it does not look like one. Sleep, downregulation and nutrition do the work. Get to bed thirty minutes earlier.",Score impact,"Missing both deadlift windows affects more than the component itself. The Strength total falls, and with it the Strength placing, potentially by a considerable margin. Because the best result available in each of the other zones is one point, there is limited scope to recover the difference.",Morning resting heart rate,HRV if you track it,"If elevated two days running, reduce Friday volume by a third"
33,5,Development Phase,FRIDAY,2026-12-04,Fri 04 Dec 2026,METCON SPECIFIC,MetCon circuit,hiit,Single,High,"The middle of MetCon X is where most of the time is won or lost, and the sandbag squat into an immediate carry is the hardest part of it. The same grip and trunk work throughout, with no break between the two.","Pre: 40-50 g carbohydrate, 90 min before.  |  Intra: Electrolyte drink between rounds, not during them.  |  Post: 40 g protein plus 1.0 g/kg carbs within two hours.",Day: carbs 5-6 g/kg   protein 1.8-2.2 g/kg,Session: sweat rate x 1.2,Electrolytes: required. Highest sweat rate of your week.,High metabolic  |  moderate mechanical,"Loaded squatting and grip, no heavy eccentrics. Twenty minutes of easy walking or light cycling tonight. Not running - tomorrow needs your legs.",No rep - Sandbag - dropping early,"If the bag is dropped or thrown before both feet have clearly passed the line, you must pick it up, move it back and cross again. It is easy to set the bag down on the line rather than beyond it when fatigued, so carry through.",Time for each round,"Drop from round one to the final round, target within 10%",Where the sandbag block broke down
34,5,Development Phase,SATURDAY,2026-12-05,Sat 05 Dec 2026,RUN-TO-SKI TRANSITION,Run to ski transition,running / cardio_training,Single,High,"The most specific session in the plan. The Endurance Zone gives you twenty-four minutes, the first part of which is spent running, and only the ski metres score. Arriving at the machine with a high heart rate and settling into rhythm quickly is a trainable skill, and it converts directly into placing.","Pre: 40-50 g carbohydrate, 90 min before. Under-fuel this and the data is meaningless.  |  Post: 30-40 g protein plus 1.0 g/kg carbohydrate.",Day: carbs 5-6 g/kg   protein 1.8-2.2 g/kg,Session: sweat rate x 1.1,Electrolytes: yes. Sip between rounds.,High metabolic  |  moderate mechanical,"Tomorrow's easy aerobic is your recovery, which is why it sits there. Sleep is tonight's priority. Legs beaten up in the morning? Take Sunday as a walk.",Kit - Chalk,"Bring your own. It is permitted and it is not provided. With straps not permitted, chalk is the only grip aid available on the deadlift and the sandbag.","Ski metres per round, or 500 m splits if rehearsing the full zone","Final round as a percentage of the first, target within 5%",How the first thirty seconds of each ski felt
35,5,Development Phase,SUNDAY,2026-12-06,Sun 06 Dec 2026,EASY AEROBIC,Easy aerobic,running,Single,Low,"This day does two things: it maintains the aerobic base the rest of the plan is built on, and it helps clear yesterday's session by promoting blood flow without adding stress.",Pre: Optional. Small carbohydrate serving if you prefer not to train empty.  |  Post: Normal meal within a couple of hours.,Day: carbs 4-5 g/kg   protein 1.8-2.2 g/kg,Session: sweat rate x 0.8,Electrolytes: only if over 60 min or hot.,Minimal  |  this session is the recovery,"Low mechanical load, sustained blood flow, negligible metabolic cost. After it, take the rest of the day genuinely off.",From the floor - Between zones,"The three zones sit inside a two and a half hour window, so what you eat and drink between them has more effect than the morning meal. Rehearsing it during the Specific phase means nothing on the day is being tried for the first time.",Average heart rate,Compare to the same session in Week 1,How the week felt overall
36,6,Development Phase,MONDAY,2026-12-07,Mon 07 Dec 2026,THRESHOLD RUN + UPPER HEAVY,Run + Upper strength,running / strength_training,Double,High,"Threshold running raises your 3 km buy-in pace, which converts into ski time. Overhead strength is a third of the Strength score.","Pre-AM: 30-40 g carbohydrate, 60-90 min before.  |  Between: Inside 60 min: 1.0-1.5 g/kg carbs plus 30-40 g protein. Non-negotiable on a double day.  |  Post-PM: 30-40 g protein plus 0.5-1.0 g/kg carbs within two hours.",Day: carbs 5-6 g/kg   protein 1.8-2.2 g/kg,AM: sweat rate x 0.7  |  PM: sweat rate x 0.9,Electrolytes: AM run if over 60 min or warm.,Moderate mechanical  |  moderate central,"Sleep is the intervention. You have moved twice today, so more movement is not more recovery. Tomorrow is ski: trunk and lats, legs left alone.",Coach's note - The repeat-triple,"Two near-maximal triples sixty seconds apart is trainable, and rarely addressed directly. Watch the drop from the first triple to the second rather than the weight on the first. Closing that gap improves the average.","Fastest and slowest interval pace, and the gap between them",Push press top set and RIR,How the legs felt in the PM session
37,6,Development Phase,TUESDAY,2026-12-08,Tue 08 Dec 2026,SKI DEVELOPMENT + GRIP,Ski erg + Grip,cardio_training,Single,Moderate,"This is the one day where the SkiErg is the main session rather than a warm-up. Given the Endurance Zone is scored on ski metres, it is worth protecting.","Pre: 30-50 g carbohydrate, 60-90 min before.  |  Post: 30-40 g protein plus 0.5 g/kg carbohydrate.",Day: carbs 4-5 g/kg   protein 1.8-2.2 g/kg,Session: sweat rate x 1.0,Electrolytes: if total session exceeds 60 min.,High metabolic  |  low mechanical,"Hard work, little muscle damage. Active recovery helps here: twenty to thirty minutes of easy walking tonight. Legs should be fresh tomorrow.",The standard - Sandbag carry - the pick,The bag must be taken from the ground. Any method of getting it to a bear hug or to the shoulder is permitted. Both are worth practising. A shoulder carry is usually quicker over 30 m but harder to secure once grip is fatigued.,Metres for each ski interval,"Drop from first interval to last, target under 3%","Grip: farmer carry load, dead hang time"
38,6,Development Phase,WEDNESDAY,2026-12-09,Wed 09 Dec 2026,EASY AEROBIC + LOWER HEAVY,Aerobic + Lower strength,running / strength_training,Double,Highest,"The heaviest day of the week, structured so the two sessions do not work against each other. The repeat-triple protocol mirrors the competition deadlift: two one-minute windows, sixty seconds apart, averaged.","Pre-AM: 20-30 g carbohydrate, or fasted if you tolerate it.  |  Between: Inside 60 min: 1.0-1.5 g/kg carbs plus 30-40 g protein.  |  Post-PM: 40 g protein plus 1.0 g/kg carbs within two hours.",Day: carbs 5-6 g/kg   protein 2.0-2.2 g/kg,AM: sweat rate x 0.8  |  PM: sweat rate x 1.0,Electrolytes: PM session. Dehydration cuts force and spinal stability.,Highest central load of the week,"Complete rest tonight. After high central load, light cardio does not speed neural recovery; sleep, downregulation and food do. Tomorrow is rest for the same reason.",The number,"Total working time across all three zones, spread over a two and a half hour window with recovery between. This is why carbohydrate loading suits this event less well than it does longer races. Glycogen is unlikely to be the limiting factor, and loading tends to add water weight and gastrointestinal load.",Back squat top set and RIR,"Deadlift - triple 1 / triple 2, each round",The gap between the two triples
39,6,Development Phase,THURSDAY,2026-12-10,Thu 10 Dec 2026,COMPLETE REST,Rest,rest,Rest,-,"Yesterday carried the heaviest central nervous system load of the week, and the weekend holds the most specific sessions. This day is part of the programme rather than a gap in it, and it is what allows Friday and Saturday to be productive.",All day: Carbs come down because you are not training. Protein does not - rest days are when repair happens.  |  Intake: Eat at roughly maintenance. A build block is not the place for a deficit.,Day: carbs 3-4 g/kg   protein 1.8-2.2 g/kg,"Session: none - baseline only, and still drink it",Electrolytes: not required today.,Clearing central nervous system load,"A working day for your nervous system even though it does not look like one. Sleep, downregulation and nutrition do the work. Get to bed thirty minutes earlier.",Kit - Belts and wraps,"Weightlifting belts, wrist wraps, elbow sleeves and knee sleeves are all permitted. Knee wraps and elbow wraps are not. If you plan to compete in a belt, train in it on your heavy days rather than introducing it on the day.",Morning resting heart rate,HRV if you track it,"If elevated two days running, reduce Friday volume by a third"
40,6,Development Phase,FRIDAY,2026-12-11,Fri 11 Dec 2026,METCON SPECIFIC,MetCon circuit,hiit,Single,High,"The middle of MetCon X is where most of the time is won or lost, and the sandbag squat into an immediate carry is the hardest part of it. The same grip and trunk work throughout, with no break between the two.","Pre: 40-50 g carbohydrate, 90 min before.  |  Intra: Electrolyte drink between rounds, not during them.  |  Post: 40 g protein plus 1.0 g/kg carbs within two hours.",Day: carbs 5-6 g/kg   protein 1.8-2.2 g/kg,Session: sweat rate x 1.2,Electrolytes: required. Highest sweat rate of your week.,High metabolic  |  moderate mechanical,"Loaded squatting and grip, no heavy eccentrics. Twenty minutes of easy walking or light cycling tonight. Not running - tomorrow needs your legs.",No rep - Deadlift - the finish,"The rep is credited when hips and knees reach full extension and your head and shoulders are behind the bar. Stopping just short is easy to do under fatigue, so stand fully upright and hold the position briefly.",Time for each round,"Drop from round one to the final round, target within 10%",Where the sandbag block broke down
41,6,Development Phase,SATURDAY,2026-12-12,Sat 12 Dec 2026,RUN-TO-SKI TRANSITION,Run to ski transition,running / cardio_training,Single,High,Second exposure. Watch the consistency of your ski metres across rounds rather than the size of round one.,"Pre: 40-50 g carbohydrate, 90 min before. Under-fuel this and the data is meaningless.  |  Post: 30-40 g protein plus 1.0 g/kg carbohydrate.",Day: carbs 5-6 g/kg   protein 1.8-2.2 g/kg,Session: sweat rate x 1.1,Electrolytes: yes. Sip between rounds.,High metabolic  |  moderate mechanical,"Tomorrow's easy aerobic is your recovery, which is why it sits there. Sleep is tonight's priority. Legs beaten up in the morning? Take Sunday as a walk.",From the floor - Ski damper,"The damper may be adjusted before and during the workout, though every second spent adjusting is a second not skiing. Set it in your warm-up and leave it alone.","Ski metres per round, or 500 m splits if rehearsing the full zone","Final round as a percentage of the first, target within 5%",How the first thirty seconds of each ski felt
42,6,Development Phase,SUNDAY,2026-12-13,Sun 13 Dec 2026,EASY AEROBIC,Easy aerobic,running,Single,Low,"This day does two things: it maintains the aerobic base the rest of the plan is built on, and it helps clear yesterday's session by promoting blood flow without adding stress.",Pre: Optional. Small carbohydrate serving if you prefer not to train empty.  |  Post: Normal meal within a couple of hours.,Day: carbs 4-5 g/kg   protein 1.8-2.2 g/kg,Session: sweat rate x 0.8,Electrolytes: only if over 60 min or hot.,Minimal  |  this session is the recovery,"Low mechanical load, sustained blood flow, negligible metabolic cost. After it, take the rest of the day genuinely off.",Score impact,"Consistency across the three zones matters more than an outstanding result in any one of them. Every zone gets dedicated weekly attention in this plan, which suits the way rank-sum scoring rewards balance.",Average heart rate,Compare to the same session in Week 1,How the week felt overall
43,7,Development Phase,MONDAY,2026-12-14,Mon 14 Dec 2026,THRESHOLD RUN + UPPER HEAVY,Run + Upper strength,running / strength_training,Double,High,"Threshold running raises your 3 km buy-in pace, which converts into ski time. Overhead strength is a third of the Strength score.","Pre-AM: 30-40 g carbohydrate, 60-90 min before.  |  Between: Inside 60 min: 1.0-1.5 g/kg carbs plus 30-40 g protein. Non-negotiable on a double day.  |  Post-PM: 30-40 g protein plus 0.5-1.0 g/kg carbs within two hours.",Day: carbs 5-6 g/kg   protein 1.8-2.2 g/kg,AM: sweat rate x 0.7  |  PM: sweat rate x 0.9,Electrolytes: AM run if over 60 min or warm.,Moderate mechanical  |  moderate central,"Sleep is the intervention. You have moved twice today, so more movement is not more recovery. Tomorrow is ski: trunk and lats, legs left alone.","From the floor - Rehearsal, not workout",Today's session is data collection. Run the buy-in at the pace you intend to race and record every 500 m ski split. Try not to adjust mid-session to protect the number. A rehearsal that shows a genuine result is more useful than one that flatters.,"Fastest and slowest interval pace, and the gap between them",Push press top set and RIR,How the legs felt in the PM session
44,7,Development Phase,TUESDAY,2026-12-15,Tue 15 Dec 2026,SKI DEVELOPMENT + GRIP,Ski erg + Grip,cardio_training,Single,Moderate,"This is the one day where the SkiErg is the main session rather than a warm-up. Given the Endurance Zone is scored on ski metres, it is worth protecting.","Pre: 30-50 g carbohydrate, 60-90 min before.  |  Post: 30-40 g protein plus 0.5 g/kg carbohydrate.",Day: carbs 4-5 g/kg   protein 1.8-2.2 g/kg,Session: sweat rate x 1.0,Electrolytes: if total session exceeds 60 min.,High metabolic  |  low mechanical,"Hard work, little muscle damage. Active recovery helps here: twenty to thirty minutes of easy walking tonight. Legs should be fresh tomorrow.",Coach's note - Reading the decay curve,"If your first two ski minutes are poor and you recover, you have a transition problem, and that is trainable. If the pace decays steadily throughout, you have a ski endurance problem and you need more of Tuesday.",Metres for each ski interval,"Drop from first interval to last, target under 3%","Grip: farmer carry load, dead hang time"
45,7,Development Phase,WEDNESDAY,2026-12-16,Wed 16 Dec 2026,EASY AEROBIC + LOWER HEAVY,Aerobic + Lower strength,running / strength_training,Double,Highest,"The heaviest day of the week, structured so the two sessions do not work against each other. The repeat-triple protocol mirrors the competition deadlift: two one-minute windows, sixty seconds apart, averaged.","Pre-AM: 20-30 g carbohydrate, or fasted if you tolerate it.  |  Between: Inside 60 min: 1.0-1.5 g/kg carbs plus 30-40 g protein.  |  Post-PM: 40 g protein plus 1.0 g/kg carbs within two hours.",Day: carbs 5-6 g/kg   protein 2.0-2.2 g/kg,AM: sweat rate x 0.8  |  PM: sweat rate x 1.0,Electrolytes: PM session. Dehydration cuts force and spinal stability.,Highest central load of the week,"Complete rest tonight. After high central load, light cardio does not speed neural recovery; sleep, downregulation and food do. Tomorrow is rest for the same reason.",The number,"How much ski pace you can afford to lose by running the buy-in thirty seconds per kilometre faster, and still score the same. Most athletes lose between six and twelve per cent moving to a 5 km effort. The trade is comfortably positive.",Back squat top set and RIR,"Deadlift - triple 1 / triple 2, each round",The gap between the two triples
46,7,Development Phase,THURSDAY,2026-12-17,Thu 17 Dec 2026,COMPLETE REST,Rest,rest,Rest,-,"Yesterday carried the heaviest central nervous system load of the week, and the weekend holds the most specific sessions. This day is part of the programme rather than a gap in it, and it is what allows Friday and Saturday to be productive.",All day: Carbs come down because you are not training. Protein does not - rest days are when repair happens.  |  Intake: Eat at roughly maintenance. A build block is not the place for a deficit.,Day: carbs 3-4 g/kg   protein 1.8-2.2 g/kg,"Session: none - baseline only, and still drink it",Electrolytes: not required today.,Clearing central nervous system load,"A working day for your nervous system even though it does not look like one. Sleep, downregulation and nutrition do the work. Get to bed thirty minutes earlier.",The standard - Back squat - continuity,"As long as the bar stays in the back rack position, your reps do not need to be consecutive. But if you re-rack or dump the bar, the score is void and you start again. That means you can pause and reset between reps of a heavy double. Use it.",Morning resting heart rate,HRV if you track it,"If elevated two days running, reduce Friday volume by a third"
47,7,Development Phase,FRIDAY,2026-12-18,Fri 18 Dec 2026,METCON SPECIFIC,MetCon circuit,hiit,Single,High,"The middle of MetCon X is where most of the time is won or lost, and the sandbag squat into an immediate carry is the hardest part of it. The same grip and trunk work throughout, with no break between the two.","Pre: 40-50 g carbohydrate, 90 min before.  |  Intra: Electrolyte drink between rounds, not during them.  |  Post: 40 g protein plus 1.0 g/kg carbs within two hours.",Day: carbs 5-6 g/kg   protein 1.8-2.2 g/kg,Session: sweat rate x 1.2,Electrolytes: required. Highest sweat rate of your week.,High metabolic  |  moderate mechanical,"Loaded squatting and grip, no heavy eccentrics. Twenty minutes of easy walking or light cycling tonight. Not running - tomorrow needs your legs.",No rep - Burpees over the bench,"Chest must clearly touch the ground on every rep. Chest contact is usually the first standard to slip thirty reps into MetCon X, and judges watch for it.",Time for each round,"Drop from round one to the final round, target within 10%",Where the sandbag block broke down
48,7,Development Phase,SATURDAY,2026-12-19,Sat 19 Dec 2026,ENDURANCE ZONE - FULL REHEARSAL,Run to ski transition,running / cardio_training,Single,High,"The whole zone, once, exactly as it will run on the day. This is data collection, so record every 500 m ski split and let the session run as planned rather than adjusting to protect the number.","Pre: 40-50 g carbohydrate, 90 min before. Under-fuel this and the data is meaningless.  |  Post: 30-40 g protein plus 1.0 g/kg carbohydrate.",Day: carbs 5-6 g/kg   protein 1.8-2.2 g/kg,Session: sweat rate x 1.1,Electrolytes: yes. Sip between rounds.,High metabolic  |  moderate mechanical,"Tomorrow's easy aerobic is your recovery, which is why it sits there. Sleep is tonight's priority. Legs beaten up in the morning? Take Sunday as a walk.",Kit - Shoes,"Weightlifting shoes are permitted in the Strength Zone, though one pair of stable trainers across all three zones suits most athletes better. Changing shoes costs time between zones and adds another thing to remember.","Ski metres per round, or 500 m splits if rehearsing the full zone","Final round as a percentage of the first, target within 5%",How the first thirty seconds of each ski felt
49,7,Development Phase,SUNDAY,2026-12-20,Sun 20 Dec 2026,EASY AEROBIC,Easy aerobic,running,Single,Low,"This day does two things: it maintains the aerobic base the rest of the plan is built on, and it helps clear yesterday's session by promoting blood flow without adding stress.",Pre: Optional. Small carbohydrate serving if you prefer not to train empty.  |  Post: Normal meal within a couple of hours.,Day: carbs 4-5 g/kg   protein 1.8-2.2 g/kg,Session: sweat rate x 0.8,Electrolytes: only if over 60 min or hot.,Minimal  |  this session is the recovery,"Low mechanical load, sustained blood flow, negligible metabolic cost. After it, take the rest of the day genuinely off.",Coach's note - Sunday audit,"If Wednesday's deadlift gap widened rather than narrowed, and Saturday's ski faded more than five per cent, you are accumulating fatigue faster than you are clearing it. In that case the Week 8 deload is worth taking in full rather than pushing through.",Average heart rate,Compare to the same session in Week 1,How the week felt overall
50,8,Development Phase,MONDAY,2026-12-21,Mon 21 Dec 2026,THRESHOLD RUN + UPPER HEAVY,Run + Upper strength,running / strength_training,Double,High,"Threshold running raises your 3 km buy-in pace, which converts into ski time. Overhead strength is a third of the Strength score.","Pre-AM: 30-40 g carbohydrate, 60-90 min before.  |  Between: Inside 60 min: 1.0-1.5 g/kg carbs plus 30-40 g protein. Non-negotiable on a double day.  |  Post-PM: 30-40 g protein plus 0.5-1.0 g/kg carbs within two hours.",Day: carbs 5-6 g/kg   protein 1.8-2.2 g/kg,AM: sweat rate x 0.7  |  PM: sweat rate x 0.9,Electrolytes: AM run if over 60 min or warm.,Moderate mechanical  |  moderate central,"Sleep is the intervention. You have moved twice today, so more movement is not more recovery. Tomorrow is ski: trunk and lats, legs left alone.",Coach's note - Taper the deload,"Intensity stays and volume halves, so this is a sharpening week rather than a rest week. The Specific phase depends on arriving recovered, so week nine is worth reaching in good shape.","Fastest and slowest interval pace, and the gap between them",Push press top set and RIR,How the legs felt in the PM session
51,8,Development Phase,TUESDAY,2026-12-22,Tue 22 Dec 2026,SKI DEVELOPMENT + GRIP,Ski erg + Grip,cardio_training,Single,Moderate,"This is the one day where the SkiErg is the main session rather than a warm-up. Given the Endurance Zone is scored on ski metres, it is worth protecting.","Pre: 30-50 g carbohydrate, 60-90 min before.  |  Post: 30-40 g protein plus 0.5 g/kg carbohydrate.",Day: carbs 4-5 g/kg   protein 1.8-2.2 g/kg,Session: sweat rate x 1.0,Electrolytes: if total session exceeds 60 min.,High metabolic  |  low mechanical,"Hard work, little muscle damage. Active recovery helps here: twenty to thirty minutes of easy walking tonight. Legs should be fresh tomorrow.",Score impact,"Field size sets the downside. In a hundred-athlete field, a last place in one zone costs a hundred points, which is difficult to recover elsewhere. That is why the pacing guidance here favours protecting a solid result over chasing a peak one.",Metres for each ski interval,"Drop from first interval to last, target under 3%","Grip: farmer carry load, dead hang time"
52,8,Development Phase,WEDNESDAY,2026-12-23,Wed 23 Dec 2026,EASY AEROBIC + LOWER HEAVY,Aerobic + Lower strength,running / strength_training,Double,Highest,"The heaviest day of the week, structured so the two sessions do not work against each other. The repeat-triple protocol mirrors the competition deadlift: two one-minute windows, sixty seconds apart, averaged.","Pre-AM: 20-30 g carbohydrate, or fasted if you tolerate it.  |  Between: Inside 60 min: 1.0-1.5 g/kg carbs plus 30-40 g protein.  |  Post-PM: 40 g protein plus 1.0 g/kg carbs within two hours.",Day: carbs 5-6 g/kg   protein 2.0-2.2 g/kg,AM: sweat rate x 0.8  |  PM: sweat rate x 1.0,Electrolytes: PM session. Dehydration cuts force and spinal stability.,Highest central load of the week,"Complete rest tonight. After high central load, light cardio does not speed neural recovery; sleep, downregulation and food do. Tomorrow is rest for the same reason.",The number,How much more a given improvement is worth in placings from the middle of the field than from the top seven per cent. Giving your weakest zone the most attention returns more placings than the same effort spent on a strong one.,Back squat top set and RIR,"Deadlift - triple 1 / triple 2, each round",The gap between the two triples
53,8,Development Phase,THURSDAY,2026-12-24,Thu 24 Dec 2026,COMPLETE REST,Rest,rest,Rest,-,"Yesterday carried the heaviest central nervous system load of the week, and the weekend holds the most specific sessions. This day is part of the programme rather than a gap in it, and it is what allows Friday and Saturday to be productive.",All day: Carbs come down because you are not training. Protein does not - rest days are when repair happens.  |  Intake: Eat at roughly maintenance. A build block is not the place for a deficit.,Day: carbs 3-4 g/kg   protein 1.8-2.2 g/kg,"Session: none - baseline only, and still drink it",Electrolytes: not required today.,Clearing central nervous system load,"A working day for your nervous system even though it does not look like one. Sleep, downregulation and nutrition do the work. Get to bed thirty minutes earlier.",The standard - Run laps,"Completing the full number of laps is the athlete's responsibility, and a miscount means the distance does not count. Know the lap length before you start and count deliberately.",Morning resting heart rate,HRV if you track it,"If elevated two days running, reduce Friday volume by a third"
54,8,Development Phase,FRIDAY,2026-12-25,Fri 25 Dec 2026,METCON SPECIFIC,MetCon circuit,hiit,Single,High,"The middle of MetCon X is where most of the time is won or lost, and the sandbag squat into an immediate carry is the hardest part of it. The same grip and trunk work throughout, with no break between the two.","Pre: 40-50 g carbohydrate, 90 min before.  |  Intra: Electrolyte drink between rounds, not during them.  |  Post: 40 g protein plus 1.0 g/kg carbs within two hours.",Day: carbs 5-6 g/kg   protein 1.8-2.2 g/kg,Session: sweat rate x 1.2,Electrolytes: required. Highest sweat rate of your week.,High metabolic  |  moderate mechanical,"Loaded squatting and grip, no heavy eccentrics. Twenty minutes of easy walking or light cycling tonight. Not running - tomorrow needs your legs.",No rep - Ground to overhead - alternating,"In the ATHX division you must alternate arms after each successful rep. If you are given a no rep, that rep must be repeated with the same arm. Losing track of which arm you are on costs reps, so it is worth establishing a rhythm you can hold when tired.",Time for each round,"Drop from round one to the final round, target within 10%",Where the sandbag block broke down
55,8,Development Phase,SATURDAY,2026-12-26,Sat 26 Dec 2026,RUN-TO-SKI TRANSITION,Run to ski transition,running / cardio_training,Single,High,"Reduced volume, same structure. Hold the pace and cut the rounds.","Pre: 40-50 g carbohydrate, 90 min before. Under-fuel this and the data is meaningless.  |  Post: 30-40 g protein plus 1.0 g/kg carbohydrate.",Day: carbs 5-6 g/kg   protein 1.8-2.2 g/kg,Session: sweat rate x 1.1,Electrolytes: yes. Sip between rounds.,High metabolic  |  moderate mechanical,"Tomorrow's easy aerobic is your recovery, which is why it sits there. Sleep is tonight's priority. Legs beaten up in the morning? Take Sunday as a walk.",Kit - The bag,"Pack it the night before every simulation, not just for the competition. Chalk, sleeves, belt, shoes, food, bottle. The simulations rehearse the whole day, and packing is part of what they are for.","Ski metres per round, or 500 m splits if rehearsing the full zone","Final round as a percentage of the first, target within 5%",How the first thirty seconds of each ski felt
56,8,Development Phase,SUNDAY,2026-12-27,Sun 27 Dec 2026,EASY AEROBIC,Easy aerobic,running,Single,Low,"This day does two things: it maintains the aerobic base the rest of the plan is built on, and it helps clear yesterday's session by promoting blood flow without adding stress.",Pre: Optional. Small carbohydrate serving if you prefer not to train empty.  |  Post: Normal meal within a couple of hours.,Day: carbs 4-5 g/kg   protein 1.8-2.2 g/kg,Session: sweat rate x 0.8,Electrolytes: only if over 60 min or hot.,Minimal  |  this session is the recovery,"Low mechanical load, sustained blood flow, negligible metabolic cost. After it, take the rest of the day genuinely off.",From the floor - Warm-up architecture,"Five minutes per lift includes your warm-up. That means everything must be front-loaded before the clock starts. Arrive already warm through shoulders, hips and posterior chain, with the exact ramp rehearsed.",Average heart rate,Compare to the same session in Week 1,How the week felt overall
57,9,Specific Phase,MONDAY,2026-12-28,Mon 28 Dec 2026,3 KM SPECIFIC RUN + UPPER HEAVY,Run + Upper strength,running / strength_training,Double,High,Your buy-in pace is worth roughly 187 metres of ski score per fifteen seconds per kilometre. This session makes that pace repeatable.,"Pre-AM: 30-40 g carbohydrate, 60-90 min before.  |  Between: Inside 60 min: 1.0-1.5 g/kg carbs plus 30-40 g protein. Non-negotiable on a double day.  |  Post-PM: 30-40 g protein plus 0.5-1.0 g/kg carbs within two hours.",Day: carbs 5-6 g/kg   protein 1.8-2.2 g/kg,AM: sweat rate x 0.7  |  PM: sweat rate x 0.9,Electrolytes: AM run if over 60 min or warm.,Moderate mechanical  |  moderate central,"Sleep is the intervention. You have moved twice today, so more movement is not more recovery. Tomorrow is ski: trunk and lats, legs left alone.",From the floor - The compressed ramp,"Five minutes covers a maximal Shoulder to Overhead from a standing start, which allows for two or three loaded singles and the attempt. Write the ramp down: bar, then three loads, then the attempt, and practise it against a timer each week from here.","Fastest and slowest interval pace, and the gap between them",Push press top set and RIR,How the legs felt in the PM session
58,9,Specific Phase,TUESDAY,2026-12-29,Tue 29 Dec 2026,SKI THRESHOLD + GRIP,Ski erg + Grip,cardio_training,Single,Moderate,Holding target pace for twelve to fourteen minutes is what the Endurance Zone actually asks. These intervals make that duration feel routine.,"Pre: 30-50 g carbohydrate, 60-90 min before.  |  Post: 30-40 g protein plus 0.5 g/kg carbohydrate.",Day: carbs 4-5 g/kg   protein 1.8-2.2 g/kg,Session: sweat rate x 1.0,Electrolytes: if total session exceeds 60 min.,High metabolic  |  low mechanical,"Hard work, little muscle damage. Active recovery helps here: twenty to thirty minutes of easy walking tonight. Legs should be fresh tomorrow.",Coach's note - Attempt selection,"Open your first deadlift window at a weight you are ninety-five per cent confident of - typically ninety to ninety-three per cent of a fresh triple, adjusted down for the squat that precedes it. Window two is informed by how window one felt. Fast means add five to ten kilos. A grind means repeat.",Metres for each ski interval,"Drop from first interval to last, target under 3%","Grip: farmer carry load, dead hang time"
59,9,Specific Phase,WEDNESDAY,2026-12-30,Wed 30 Dec 2026,EASY AEROBIC + STRENGTH SEQUENCE,Aerobic + Lower strength,running / strength_training,Double,Highest,"Maximal overhead, then a heavy squat, then a deadlift on erectors that are already taxed, all inside fifteen minutes. The sequence is a skill in itself, and today rehearses it exactly.","Pre-AM: 20-30 g carbohydrate, or fasted if you tolerate it.  |  Between: Inside 60 min: 1.0-1.5 g/kg carbs plus 30-40 g protein.  |  Post-PM: 40 g protein plus 1.0 g/kg carbs within two hours.",Day: carbs 5-6 g/kg   protein 2.0-2.2 g/kg,AM: sweat rate x 0.8  |  PM: sweat rate x 1.0,Electrolytes: PM session. Dehydration cuts force and spinal stability.,Highest central load of the week,"Complete rest tonight. After high central load, light cardio does not speed neural recovery; sleep, downregulation and food do. Tomorrow is rest for the same reason.",The number,"What a missed deadlift window costs you. The score averages two attempts, so a miss contributes zero to that average. In conventional max testing a miss costs nothing, whereas here it costs half the component, which is why the opening attempt is best kept conservative.",Back squat top set and RIR,"Deadlift - triple 1 / triple 2, each round",The gap between the two triples
60,9,Specific Phase,THURSDAY,2026-12-31,Thu 31 Dec 2026,COMPLETE REST,Rest,rest,Rest,-,"Yesterday carried the heaviest central nervous system load of the week, and the weekend holds the most specific sessions. This day is part of the programme rather than a gap in it, and it is what allows Friday and Saturday to be productive.",All day: Carbs come down because you are not training. Protein does not - rest days are when repair happens.  |  Intake: Eat at roughly maintenance. A build block is not the place for a deficit.,Day: carbs 3-4 g/kg   protein 1.8-2.2 g/kg,"Session: none - baseline only, and still drink it",Electrolytes: not required today.,Clearing central nervous system load,"A working day for your nervous system even though it does not look like one. Sleep, downregulation and nutrition do the work. Get to bed thirty minutes earlier.",The standard - Shoulder to overhead,The 2027 standards had not been published when this book went to press. The 2026 strict press standard required full lockout with hips and knees extended and the bar over the centre of the body. Expect the same finish position with the dip and drive now permitted. Confirm against the official standards before you compete.,Morning resting heart rate,HRV if you track it,"If elevated two days running, reduce Friday volume by a third"
61,9,Specific Phase,FRIDAY,2027-01-01,Fri 01 Jan 2027,METCON X - FULL,MetCon circuit,hiit,Single,High,"The whole workout at competition load, against the clock. The work from the circuit weeks is measured here as a single number.","Pre: 40-50 g carbohydrate, 90 min before.  |  Intra: Electrolyte drink between rounds, not during them.  |  Post: 40 g protein plus 1.0 g/kg carbs within two hours.",Day: carbs 5-6 g/kg   protein 1.8-2.2 g/kg,Session: sweat rate x 1.2,Electrolytes: required. Highest sweat rate of your week.,High metabolic  |  moderate mechanical,"Loaded squatting and grip, no heavy eccentrics. Twenty minutes of easy walking or light cycling tonight. Not running - tomorrow needs your legs.",No rep - Row calories,"You must complete the full required calories before coming off the seat. The monitor, not your count, is what the judge reads. Standing before the monitor shows full calories is a common way to lose a good MetCon time.",Time for each round,"Drop from round one to the final round, target within 10%",Where the sandbag block broke down
62,9,Specific Phase,SATURDAY,2027-01-02,Sat 02 Jan 2027,ENDURANCE ZONE - SECOND REHEARSAL,Run to ski transition,running / cardio_training,Single,Highest,"The same zone at a different entry pace. Comparing the total against Week 7 shows which produced more ski metres, which gives you a race strategy based on your own data rather than a table.","Pre: 40-50 g carbohydrate, 90 min before. Under-fuel this and the data is meaningless.  |  Post: 30-40 g protein plus 1.0 g/kg carbohydrate.",Day: carbs 5-6 g/kg   protein 1.8-2.2 g/kg,Session: sweat rate x 1.1,Electrolytes: yes. Sip between rounds.,High metabolic  |  moderate mechanical,"Tomorrow's easy aerobic is your recovery, which is why it sits there. Sleep is tonight's priority. Legs beaten up in the morning? Take Sunday as a walk.",Kit - What is in your bag on the day,"Chalk. One pair of knee sleeves, unrolled. Belt. Wrist wraps if you use them. Shoes. Food and drink for the gaps between zones. Not in your bag: straps, hand grips, knee wraps, headphones. All banned.","Ski metres per round, or 500 m splits if rehearsing the full zone","Final round as a percentage of the first, target within 5%",How the first thirty seconds of each ski felt
63,9,Specific Phase,SUNDAY,2027-01-03,Sun 03 Jan 2027,EASY AEROBIC,Easy aerobic,running,Single,Low,Recovery from the most demanding week of the plan. Keep it easy and let the specific work settle.,Pre: Optional. Small carbohydrate serving if you prefer not to train empty.  |  Post: Normal meal within a couple of hours.,Day: carbs 4-5 g/kg   protein 1.8-2.2 g/kg,Session: sweat rate x 0.8,Electrolytes: only if over 60 min or hot.,Minimal  |  this session is the recovery,"Low mechanical load, sustained blood flow, negligible metabolic cost. After it, take the rest of the day genuinely off.",Score impact,Compare your numbers against published results rather than your own training history. The useful question is where your total would have placed. Doing that for all three zones shows where your discretionary training time is best spent.,Average heart rate,Compare to the same session in Week 1,How the week felt overall
64,10,Specific Phase,MONDAY,2027-01-04,Mon 04 Jan 2027,3 KM SPECIFIC RUN + UPPER HEAVY,Run + Upper strength,running / strength_training,Double,High,Your buy-in pace is worth roughly 187 metres of ski score per fifteen seconds per kilometre. This session makes that pace repeatable.,"Pre-AM: 30-40 g carbohydrate, 60-90 min before.  |  Between: Inside 60 min: 1.0-1.5 g/kg carbs plus 30-40 g protein. Non-negotiable on a double day.  |  Post-PM: 30-40 g protein plus 0.5-1.0 g/kg carbs within two hours.",Day: carbs 5-6 g/kg   protein 1.8-2.2 g/kg,AM: sweat rate x 0.7  |  PM: sweat rate x 0.9,Electrolytes: AM run if over 60 min or warm.,Moderate mechanical  |  moderate central,"Sleep is the intervention. You have moved twice today, so more movement is not more recovery. Tomorrow is ski: trunk and lats, legs left alone.",Coach's note - The MetCon crux,"Sandbag squats into an immediate carry is where the workout is decided. Same grip, same trunk, no relief between them. One full exhale on each squat ascent, without holding your breath at the bottom.","Fastest and slowest interval pace, and the gap between them",Push press top set and RIR,How the legs felt in the PM session
65,10,Specific Phase,TUESDAY,2027-01-05,Tue 05 Jan 2027,SKI THRESHOLD + GRIP,Ski erg + Grip,cardio_training,Single,Moderate,Holding target pace for twelve to fourteen minutes is what the Endurance Zone actually asks. These intervals make that duration feel routine.,"Pre: 30-50 g carbohydrate, 60-90 min before.  |  Post: 30-40 g protein plus 0.5 g/kg carbohydrate.",Day: carbs 4-5 g/kg   protein 1.8-2.2 g/kg,Session: sweat rate x 1.0,Electrolytes: if total session exceeds 60 min.,High metabolic  |  low mechanical,"Hard work, little muscle damage. Active recovery helps here: twenty to thirty minutes of easy walking tonight. Legs should be fresh tomorrow.",The number,"MetCon X is bookended by rows, and they are the only elements where you control pace with real precision. Set off at an effort you could hold for the whole piece, since the opening row is where time is most easily overspent.",Metres for each ski interval,"Drop from first interval to last, target under 3%","Grip: farmer carry load, dead hang time"
66,10,Specific Phase,WEDNESDAY,2027-01-06,Wed 06 Jan 2027,EASY AEROBIC + STRENGTH SEQUENCE,Aerobic + Lower strength,running / strength_training,Double,Highest,"Maximal overhead, then a heavy squat, then a deadlift on erectors that are already taxed, all inside fifteen minutes. The sequence is a skill in itself, and today rehearses it exactly.","Pre-AM: 20-30 g carbohydrate, or fasted if you tolerate it.  |  Between: Inside 60 min: 1.0-1.5 g/kg carbs plus 30-40 g protein.  |  Post-PM: 40 g protein plus 1.0 g/kg carbs within two hours.",Day: carbs 5-6 g/kg   protein 2.0-2.2 g/kg,AM: sweat rate x 0.8  |  PM: sweat rate x 1.0,Electrolytes: PM session. Dehydration cuts force and spinal stability.,Highest central load of the week,"Complete rest tonight. After high central load, light cardio does not speed neural recovery; sleep, downregulation and food do. Tomorrow is rest for the same reason.",The standard - Sandbag carry distance,"Thirty metres is fifteen out and fifteen back. Both feet must clearly pass the turn line. Individual athletes carry 30 m. Pairs carry 60 m with a changeover, and the second athlete must start from behind the designated line.",Back squat top set and RIR,"Deadlift - triple 1 / triple 2, each round",The gap between the two triples
67,10,Specific Phase,THURSDAY,2027-01-07,Thu 07 Jan 2027,COMPLETE REST,Rest,rest,Rest,-,"Yesterday carried the heaviest central nervous system load of the week, and the weekend holds the most specific sessions. This day is part of the programme rather than a gap in it, and it is what allows Friday and Saturday to be productive.",All day: Carbs come down because you are not training. Protein does not - rest days are when repair happens.  |  Intake: Eat at roughly maintenance. A build block is not the place for a deficit.,Day: carbs 3-4 g/kg   protein 1.8-2.2 g/kg,"Session: none - baseline only, and still drink it",Electrolytes: not required today.,Clearing central nervous system load,"A working day for your nervous system even though it does not look like one. Sleep, downregulation and nutrition do the work. Get to bed thirty minutes earlier.",From the floor - Between-zone fuelling,"Thirty to forty minutes between zones is enough for 30 to 40 g of easily digested carbohydrate and fluid, and not enough for a meal. Rehearse exactly what you will take. Competition day is not the time to discover something does not sit well.",Morning resting heart rate,HRV if you track it,"If elevated two days running, reduce Friday volume by a third"
68,10,Specific Phase,FRIDAY,2027-01-08,Fri 08 Jan 2027,METCON X - FULL,MetCon circuit,hiit,Single,High,"The whole workout at competition load, against the clock. The work from the circuit weeks is measured here as a single number.","Pre: 40-50 g carbohydrate, 90 min before.  |  Intra: Electrolyte drink between rounds, not during them.  |  Post: 40 g protein plus 1.0 g/kg carbs within two hours.",Day: carbs 5-6 g/kg   protein 1.8-2.2 g/kg,Session: sweat rate x 1.2,Electrolytes: required. Highest sweat rate of your week.,High metabolic  |  moderate mechanical,"Loaded squatting and grip, no heavy eccentrics. Twenty minutes of easy walking or light cycling tonight. Not running - tomorrow needs your legs.",No rep - Bench press lockout,"Every rep needs full elbow extension. Under fatigue the last few centimetres are the first thing to go. Counting in blocks of ten, resetting the breathing between them, works better than a continuous thirty.",Time for each round,"Drop from round one to the final round, target within 10%",Where the sandbag block broke down
69,10,Specific Phase,SATURDAY,2027-01-09,Sat 09 Jan 2027,ENDURANCE ZONE - PACED,Run to ski transition,running / cardio_training,Single,Highest,Run your chosen strategy and confirm it holds. This should now feel rehearsed rather than experimental.,"Pre: 40-50 g carbohydrate, 90 min before. Under-fuel this and the data is meaningless.  |  Post: 30-40 g protein plus 1.0 g/kg carbohydrate.",Day: carbs 5-6 g/kg   protein 1.8-2.2 g/kg,Session: sweat rate x 1.1,Electrolytes: yes. Sip between rounds.,High metabolic  |  moderate mechanical,"Tomorrow's easy aerobic is your recovery, which is why it sits there. Sleep is tonight's priority. Legs beaten up in the morning? Take Sunday as a walk.",Kit - Grip without straps,"With straps banned, hook grip or mixed grip is your only option on a heavy deadlift triple. If you use hook grip, chalk heavily. If you use mixed grip, alternate which hand supinates across your training sets.","Ski metres per round, or 500 m splits if rehearsing the full zone","Final round as a percentage of the first, target within 5%",How the first thirty seconds of each ski felt
70,10,Specific Phase,SUNDAY,2027-01-10,Sun 10 Jan 2027,EASY AEROBIC,Easy aerobic,running,Single,Low,Recovery from the most demanding week of the plan. Keep it easy and let the specific work settle.,Pre: Optional. Small carbohydrate serving if you prefer not to train empty.  |  Post: Normal meal within a couple of hours.,Day: carbs 4-5 g/kg   protein 1.8-2.2 g/kg,Session: sweat rate x 0.8,Electrolytes: only if over 60 min or hot.,Minimal  |  this session is the recovery,"Low mechanical load, sustained blood flow, negligible metabolic cost. After it, take the rest of the day genuinely off.",Coach's note - Commit the plan to paper,"Write your deadlift attempt weights, your buy-in pace and your MetCon opening row split on a card and put it in your bag. Decisions made calmly this week tend to be better than the same ones made under fatigue on the floor.",Average heart rate,Compare to the same session in Week 1,How the week felt overall
71,11,Specific Phase,MONDAY,2027-01-11,Mon 11 Jan 2027,3 KM SPECIFIC RUN + UPPER HEAVY,Run + Upper strength,running / strength_training,Double,High,Your buy-in pace is worth roughly 187 metres of ski score per fifteen seconds per kilometre. This session makes that pace repeatable.,"Pre-AM: 30-40 g carbohydrate, 60-90 min before.  |  Between: Inside 60 min: 1.0-1.5 g/kg carbs plus 30-40 g protein. Non-negotiable on a double day.  |  Post-PM: 30-40 g protein plus 0.5-1.0 g/kg carbs within two hours.",Day: carbs 5-6 g/kg   protein 1.8-2.2 g/kg,AM: sweat rate x 0.7  |  PM: sweat rate x 0.9,Electrolytes: AM run if over 60 min or warm.,Moderate mechanical  |  moderate central,"Sleep is the intervention. You have moved twice today, so more movement is not more recovery. Tomorrow is ski: trunk and lats, legs left alone.","From the floor - Simulate the day, not the sessions","Warm-up timing, food between zones, kit changes, chalk and where your bag goes. The logistics are as much a part of the day as the sessions. Every problem found today is one you will not meet on the floor.","Fastest and slowest interval pace, and the gap between them",Push press top set and RIR,How the legs felt in the PM session
72,11,Specific Phase,TUESDAY,2027-01-12,Tue 12 Jan 2027,SKI THRESHOLD + GRIP,Ski erg + Grip,cardio_training,Single,Moderate,Holding target pace for twelve to fourteen minutes is what the Endurance Zone actually asks. These intervals make that duration feel routine.,"Pre: 30-50 g carbohydrate, 60-90 min before.  |  Post: 30-40 g protein plus 0.5 g/kg carbohydrate.",Day: carbs 4-5 g/kg   protein 1.8-2.2 g/kg,Session: sweat rate x 1.0,Electrolytes: if total session exceeds 60 min.,High metabolic  |  low mechanical,"Hard work, little muscle damage. Active recovery helps here: twenty to thirty minutes of easy walking tonight. Legs should be fresh tomorrow.",Score impact,"The best available result in a zone is one point, while the worst is the size of the field, so the tactical decisions from here favour protecting the result. Hold the opening run to your rehearsed pace, use a sandbag load you can control, and avoid taking risks in any single zone.",Metres for each ski interval,"Drop from first interval to last, target under 3%","Grip: farmer carry load, dead hang time"
73,11,Specific Phase,WEDNESDAY,2027-01-13,Wed 13 Jan 2027,EASY AEROBIC + STRENGTH SEQUENCE,Aerobic + Lower strength,running / strength_training,Double,Highest,"Maximal overhead, then a heavy squat, then a deadlift on erectors that are already taxed, all inside fifteen minutes. The sequence is a skill in itself, and today rehearses it exactly.","Pre-AM: 20-30 g carbohydrate, or fasted if you tolerate it.  |  Between: Inside 60 min: 1.0-1.5 g/kg carbs plus 30-40 g protein.  |  Post-PM: 40 g protein plus 1.0 g/kg carbs within two hours.",Day: carbs 5-6 g/kg   protein 2.0-2.2 g/kg,AM: sweat rate x 0.8  |  PM: sweat rate x 1.0,Electrolytes: PM session. Dehydration cuts force and spinal stability.,Highest central load of the week,"Complete rest tonight. After high central load, light cardio does not speed neural recovery; sleep, downregulation and food do. Tomorrow is rest for the same reason.",The number,"Under rank-sum scoring, balance across zones tends to outscore specialisation, sometimes by a single point. Three solid placings will usually finish ahead of two wins and a poor result.",Back squat top set and RIR,"Deadlift - triple 1 / triple 2, each round",The gap between the two triples
74,11,Specific Phase,THURSDAY,2027-01-14,Thu 14 Jan 2027,COMPLETE REST,Rest,rest,Rest,-,"Yesterday carried the heaviest central nervous system load of the week, and the weekend holds the most specific sessions. This day is part of the programme rather than a gap in it, and it is what allows Friday and Saturday to be productive.",All day: Carbs come down because you are not training. Protein does not - rest days are when repair happens.  |  Intake: Eat at roughly maintenance. A build block is not the place for a deficit.,Day: carbs 3-4 g/kg   protein 1.8-2.2 g/kg,"Session: none - baseline only, and still drink it",Electrolytes: not required today.,Clearing central nervous system load,"A working day for your nervous system even though it does not look like one. Sleep, downregulation and nutrition do the work. Get to bed thirty minutes earlier.",Coach's note - The last hard week,"From here the aim shifts from building fitness to preserving it, since twelve days is not long enough to add much. Train this week fully, and from then on additional work is unlikely to help.",Morning resting heart rate,HRV if you track it,"If elevated two days running, reduce Friday volume by a third"
75,11,Specific Phase,FRIDAY,2027-01-15,Fri 15 Jan 2027,METCON X - FULL,MetCon circuit,hiit,Single,High,"The whole workout at competition load, against the clock. The work from the circuit weeks is measured here as a single number.","Pre: 40-50 g carbohydrate, 90 min before.  |  Intra: Electrolyte drink between rounds, not during them.  |  Post: 40 g protein plus 1.0 g/kg carbs within two hours.",Day: carbs 5-6 g/kg   protein 1.8-2.2 g/kg,Session: sweat rate x 1.2,Electrolytes: required. Highest sweat rate of your week.,High metabolic  |  moderate mechanical,"Loaded squatting and grip, no heavy eccentrics. Twenty minutes of easy walking or light cycling tonight. Not running - tomorrow needs your legs.",The standard - Erg handles,"Handles must not be released in a way that could damage the machine. Bring them high and release gently, or hand over in pairs. The penalty is thirty seconds. That is a large number in a time-scored workout.",Time for each round,"Drop from round one to the final round, target within 10%",Where the sandbag block broke down
76,11,Specific Phase,SATURDAY,2027-01-16,Sat 16 Jan 2027,FULL COMPETITION SIMULATION,Run to ski transition,running / cardio_training,Single,Highest,"All three zones in one session, in order, with realistic recovery between them. The purpose is to find the problems rather than to post good scores.","Pre: 40-50 g carbohydrate, 90 min before. Under-fuel this and the data is meaningless.  |  Post: 30-40 g protein plus 1.0 g/kg carbohydrate.",Day: carbs 5-6 g/kg   protein 1.8-2.2 g/kg,Session: sweat rate x 1.1,Electrolytes: yes. Sip between rounds.,High metabolic  |  moderate mechanical,"Tomorrow's easy aerobic is your recovery, which is why it sits there. Sleep is tonight's priority. Legs beaten up in the morning? Take Sunday as a walk.",Kit - Two of everything,"Spare shoes, spare chalk and spare food. Venue conditions vary and so do plans. It is also worth knowing where the venue is, when you need to arrive and what the parking is like, since the day starts well before the first zone.","Ski metres per round, or 500 m splits if rehearsing the full zone","Final round as a percentage of the first, target within 5%",How the first thirty seconds of each ski felt
77,11,Specific Phase,SUNDAY,2027-01-17,Sun 17 Jan 2027,EASY AEROBIC,Easy aerobic,running,Single,Low,Recovery from the most demanding week of the plan. Keep it easy and let the specific work settle.,Pre: Optional. Small carbohydrate serving if you prefer not to train empty.  |  Post: Normal meal within a couple of hours.,Day: carbs 4-5 g/kg   protein 1.8-2.2 g/kg,Session: sweat rate x 0.8,Electrolytes: only if over 60 min or hot.,Minimal  |  this session is the recovery,"Low mechanical load, sustained blood flow, negligible metabolic cost. After it, take the rest of the day genuinely off.",Coach's note - Unload begins,"From tomorrow, volume comes down while intensity stays. That will feel like less work, which is the intention. The work is already banked, and the taper is what lets it show.",Average heart rate,Compare to the same session in Week 1,How the week felt overall
78,12,Taper And Competition,MONDAY,2027-01-18,Mon 18 Jan 2027,SHORT THRESHOLD RUN + UPPER PRIMER,Run + Upper strength,running / strength_training,Double,Low,"Intensity maintained, volume cut by roughly two thirds. Enough stimulus to hold the adaptations, not enough to add fatigue.","Pre-AM: 30-40 g carbohydrate, 60-90 min before.  |  Between: Inside 60 min: 1.0-1.5 g/kg carbs plus 30-40 g protein. Non-negotiable on a double day.  |  Post-PM: 30-40 g protein plus 0.5-1.0 g/kg carbs within two hours.",Day: carbs 5-6 g/kg   protein 1.8-2.2 g/kg,AM: sweat rate x 0.7  |  PM: sweat rate x 0.9,Electrolytes: AM run if over 60 min or warm.,Moderate mechanical  |  moderate central,"Sleep is the intervention. You have moved twice today, so more movement is not more recovery. Tomorrow is ski: trunk and lats, legs left alone.",Coach's note - Trust the taper,"Short, sharp sessions finished before you feel like stopping. These should feel comfortably fast rather than hard. If it feels hard, reducing Wednesday further is a better response than pushing on.","Fastest and slowest interval pace, and the gap between them",Push press top set and RIR,How the legs felt in the PM session
79,12,Taper And Competition,TUESDAY,2027-01-19,Tue 19 Jan 2027,"SKI - SHORT, AT PACE",Ski erg + Grip,cardio_training,Single,Low,"Keep the feel of competition pace without accumulating fatigue. Short, sharp, finished well before you want to stop.","Pre: 30-50 g carbohydrate, 60-90 min before.  |  Post: 30-40 g protein plus 0.5 g/kg carbohydrate.",Day: carbs 4-5 g/kg   protein 1.8-2.2 g/kg,Session: sweat rate x 1.0,Electrolytes: if total session exceeds 60 min.,High metabolic  |  low mechanical,"Hard work, little muscle damage. Active recovery helps here: twenty to thirty minutes of easy walking tonight. Legs should be fresh tomorrow.",Kit - Damper setting,"Write your ski damper number down today and put it with your attempt card. Venue machines vary, and knowing your setting saves time at the start of a scored zone.",Metres for each ski interval,"Drop from first interval to last, target under 3%","Grip: farmer carry load, dead hang time"
80,12,Taper And Competition,WEDNESDAY,2027-01-20,Wed 20 Jan 2027,STRENGTH PRIMER - CONCENTRIC ONLY,Aerobic + Lower strength,running / strength_training,Double,Low,"Heavy eccentric loading is the primary driver of microtrauma and lingering soreness, so it stops here. What remains is enough to keep neural firing rates alert.","Pre-AM: 20-30 g carbohydrate, or fasted if you tolerate it.  |  Between: Inside 60 min: 1.0-1.5 g/kg carbs plus 30-40 g protein.  |  Post-PM: 40 g protein plus 1.0 g/kg carbs within two hours.",Day: carbs 5-6 g/kg   protein 2.0-2.2 g/kg,AM: sweat rate x 0.8  |  PM: sweat rate x 1.0,Electrolytes: PM session. Dehydration cuts force and spinal stability.,Highest central load of the week,"Complete rest tonight. After high central load, light cardio does not speed neural recovery; sleep, downregulation and food do. Tomorrow is rest for the same reason.",The standard - No eccentric work,"Heavy eccentric loading is the main cause of microtrauma and lingering soreness, so it stops seven days out. Lower under control today, without chasing slow negatives. The focus is concentric.",Back squat top set and RIR,"Deadlift - triple 1 / triple 2, each round",The gap between the two triples
81,12,Taper And Competition,THURSDAY,2027-01-21,Thu 21 Jan 2027,COMPLETE REST,Rest,rest,Rest,-,"Yesterday carried the heaviest central nervous system load of the week, and the weekend holds the most specific sessions. This day is part of the programme rather than a gap in it, and it is what allows Friday and Saturday to be productive.",All day: Carbs come down because you are not training. Protein does not - rest days are when repair happens.  |  Intake: Eat at roughly maintenance. A build block is not the place for a deficit.,Day: carbs 3-4 g/kg   protein 1.8-2.2 g/kg,"Session: none - baseline only, and still drink it",Electrolytes: not required today.,Clearing central nervous system load,"A working day for your nervous system even though it does not look like one. Sleep, downregulation and nutrition do the work. Get to bed thirty minutes earlier.",Coach's note - The day before the day before,"Rest is the session today, and there is nothing to gain from testing yourself. Nothing done today will improve Sunday, and a hard session could affect it.",Morning resting heart rate,HRV if you track it,"If elevated two days running, reduce Friday volume by a third"
82,12,Taper And Competition,FRIDAY,2027-01-22,Fri 22 Jan 2027,SHAKEOUT + MOVEMENT REHEARSAL,MetCon circuit,hiit,Single,Very low,"Blood flow and familiarity, nothing more. You cannot gain fitness today and you can easily lose freshness.","Pre: 40-50 g carbohydrate, 90 min before.  |  Intra: Electrolyte drink between rounds, not during them.  |  Post: 40 g protein plus 1.0 g/kg carbs within two hours.",Day: carbs 5-6 g/kg   protein 1.8-2.2 g/kg,Session: sweat rate x 1.2,Electrolytes: required. Highest sweat rate of your week.,High metabolic  |  moderate mechanical,"Loaded squatting and grip, no heavy eccentrics. Twenty minutes of easy walking or light cycling tonight. Not running - tomorrow needs your legs.",From the floor - Shakeout,"Twenty minutes in total, all of it easy, finishing while you still feel fresh. The purpose is blood flow and familiarity rather than fitness, so keeping it easy matters.",Time for each round,"Drop from round one to the final round, target within 10%",Where the sandbag block broke down
83,12,Taper And Competition,SATURDAY,2027-01-23,Sat 23 Jan 2027,REST OR TRAVEL,Run to ski transition,running / cardio_training,Single,-,Nothing physical. Use the day for logistics so competition morning holds no decisions.,"Pre: 40-50 g carbohydrate, 90 min before. Under-fuel this and the data is meaningless.  |  Post: 30-40 g protein plus 1.0 g/kg carbohydrate.",Day: carbs 5-6 g/kg   protein 1.8-2.2 g/kg,Session: sweat rate x 1.1,Electrolytes: yes. Sip between rounds.,High metabolic  |  moderate mechanical,"Tomorrow's easy aerobic is your recovery, which is why it sits there. Sleep is tonight's priority. Legs beaten up in the morning? Take Sunday as a walk.",From the floor - The night before,"Pack the bag, write the card and set two alarms. Eat normally, since there is no loading protocol for this event. Then leave it there. The work is done.","Ski metres per round, or 500 m splits if rehearsing the full zone","Final round as a percentage of the first, target within 5%",How the first thirty seconds of each ski felt
84,12,Taper And Competition,SUNDAY,2027-01-24,Sun 24 Jan 2027,COMPETITION,Easy aerobic,running,Single,-,Twelve weeks of work come together today. The aim is to execute what you have rehearsed and avoid unnecessary risk in any zone.,Pre: Optional. Small carbohydrate serving if you prefer not to train empty.  |  Post: Normal meal within a couple of hours.,Day: carbs 4-5 g/kg   protein 1.8-2.2 g/kg,Session: sweat rate x 0.8,Electrolytes: only if over 60 min or hot.,Minimal  |  this session is the recovery,"Low mechanical load, sustained blood flow, negligible metabolic cost. After it, take the rest of the day genuinely off.",Score impact,"Lowest total placing wins, so three solid zones will usually finish ahead of two excellent ones and a poor one. Open the deadlift conservatively, run the buy-in at your rehearsed pace, control the opening row, and race the rest.",Average heart rate,Compare to the same session in Week 1,How the week felt overall
